구분,2010년,,2011년,,2012년,,2013년,,2014년,
,평균,필지,평균,필지,평균,필지,평균,필지,평균,필지
,최소,최대,최소,최대,최소,최대,최소,최대,최소,최대
서울특별시 종로구,"415,880",7,"591,407",3,"199,793",3,"36,680",2,"114,665",2
,"192,530","939,600","410,960","840,000","58,440","423,520","29,910","43,450","113,660","115,670"
서울특별시 중랑구,"1,156,731",15,"1,024,500",3,"1,042,736",5,"1,118,075",2,"765,570",3
,"907,550","1,508,600","643,560","1,280,000","751,880","1,408,720","891,890","1,344,260","410,950","1,128,400"
서울특별시 성북구,"268,910",2,-,-,"368,320",1,-,-,-,-
,"264,710","273,110",-,-,"368,320","368,320",-,-,-,-
서울특별시 강북구,-,-,"63,250",1,"678,485",2,"812,950",7,-,-
,-,-,"63,250","63,250","438,600","918,370","311,320","1,500,000",-,-
서울특별시 도봉구,"580,796",5,-,-,"256,356",5,"967,275",2,-,-
,"326,090","900,000",-,-,"63,870","454,550","732,020","1,202,530",-,-
서울특별시 노원구,"322,395",4,"476,000",2,"1,000,660",3,"272,466",5,"642,450",1
,"173,610","465,000","476,000","476,000","659,540","1,250,000","163,780","412,800","642,450","642,450"
서울특별시 은평구,"254,445",11,"279,730",5,-,-,"1,083,383",4,-,-
,"151,350","745,450","68,120","714,290",-,-,"205,480","2,180,000",-,-
서울특별시 마포구,-,-,-,-,"2,142,860",1,-,-,-,-
,-,-,-,-,"2,142,860","2,142,860",-,-,-,-
서울특별시 강서구,"276,896",14,"444,264",24,"434,284",19,"603,340",13,"1,134,200",2
,"121,010","467,350","71,430","1,134,140","125,000","1,675,980","132,330","1,542,310","302,850","1,965,550"
서울특별시 구로구,"755,860",2,"665,100",4,"890,065",2,"410,085",4,"572,503",4
,"604,890","906,830","454,550","904,870","882,500","897,630","117,650","1,058,780","238,090","875,850"
서울특별시 금천구,"338,120",1,-,-,"251,890",1,-,-,-,-
,"338,120","338,120",-,-,"251,890","251,890",-,-,-,-
서울특별시 서초구,"590,610",37,"918,382",42,"828,476",16,"463,605",46,"236,457",3
,"33,620","1,411,410","193,590","1,831,850","157,560","1,687,360","76,920","2,125,000","181,120","346,920"
서울특별시 강남구,"843,333",14,"672,841",22,"652,648",17,"653,145",2,-,-
,"135,140","1,376,700","152,280","1,363,640","117,650","1,980,200","428,570","877,720",-,-
서울특별시 송파구,"989,818",4,"739,875",4,"591,810",3,"757,570",1,-,-
,"567,160","1,692,310","720,720","757,580","510,460","635,250","757,570","757,570",-,-
서울특별시 강동구,"606,032",31,"739,407",20,"891,759",21,"757,832",13,-,-
,"202,230","1,036,590","257,380","1,496,260","210,000","2,459,020","264,680","1,250,000",-,-
부산광역시 서구,"58,585",2,"48,233",3,"105,333",3,"48,350",1,-,-
,"41,980","75,190","24,280","83,040","81,450","148,940","48,350","48,350",-,-
부산광역시 동구,-,-,-,-,-,-,"24,100",2,-,-
,-,-,-,-,-,-,"11,600","36,600",-,-
부산광역시 영도구,"132,270",2,"190,125",2,-,-,"309,488",5,"304,690",1
,"52,950","211,590","148,370","231,880",-,-,"266,340","338,280","304,690","304,690"
부산광역시 부산진구,"271,960",1,"15,160",2,"22,490",1,-,-,-,-
,"271,960","271,960","13,020","17,300","22,490","22,490",-,-,-,-
부산광역시 동래구,"131,305",2,"170,080",1,"294,530",1,"178,154",9,-,-
,"56,740","205,870","170,080","170,080","294,530","294,530","28,370","465,120",-,-
부산광역시 남구,"160,360",3,"400,700",3,"247,930",1,"147,000",1,-,-
,"78,950","242,560","363,010","474,680","247,930","247,930","147,000","147,000",-,-
부산광역시 북구,"160,787",9,"153,355",8,"142,925",17,"88,016",10,"163,955",2
,"39,280","320,000","34,810","355,470",630,"600,000","18,070","270,500","140,860","187,050"
부산광역시 해운대구,"201,669",8,"349,124",27,"233,639",20,"267,671",14,"439,302",5
,"30,170","422,990","89,330","461,000","91,110","472,730","30,240","633,260","48,260","1,186,440"
부산광역시 사하구,"144,713",4,"137,853",3,"119,941",9,"195,673",3,"136,600",2
,"49,040","350,000","100,000","205,210","60,940","362,420","19,550","367,470","136,600","136,600"
부산광역시 금정구,"131,367",64,"170,486",129,"168,396",97,"197,261",104,"186,604",16
,"28,900","255,880","6,530","451,920","34,420","519,500","18,150","538,460","119,130","274,040"
부산광역시 강서구,"154,259",467,"161,178",634,"182,496",616,"162,322",729,"170,046",160
,"9,660","423,510","16,950","490,080","20,050","606,060","47,900","554,950","19,060","513,760"
부산광역시 연제구,-,-,-,-,-,-,-,-,"805,187",3
,-,-,-,-,-,-,-,-,"487,380","1,416,680"
부산광역시 수영구,-,-,-,-,-,-,"455,855",4,-,-
,-,-,-,-,-,-,"296,420","933,840",-,-
부산광역시 사상구,"117,105",6,"95,536",5,-,-,"69,626",9,-,-
,"26,200","266,900","75,810","116,620",-,-,"26,640","147,000",-,-
부산광역시 기장군,"135,441",560,"147,815",618,"157,845",624,"165,108",602,"186,992",128
,"11,330","422,730","3,660","443,790","11,520","421,430","6,760","495,090","6,050","592,880"
대구광역시 동구,"115,918",216,"126,599",198,"112,026",298,"118,889",317,"117,324",81
,"2,070","412,590","17,500","417,960","7,300","505,560","8,750","544,060","11,820","392,740"
대구광역시 서구,"250,827",7,"317,522",6,"231,363",13,"261,834",14,"347,335",2
,"81,970","326,440","179,050","453,430","12,660","498,750","64,700","728,880","333,330","361,340"
대구광역시 북구,"175,253",84,"179,242",110,"208,104",129,"207,568",114,"173,529",37
,"20,440","452,830","23,490","465,890","30,300","498,900","26,480","626,130","35,170","412,970"
대구광역시 수성구,"164,742",121,"144,192",74,"180,830",118,"229,483",96,"185,236",39
,"16,260","468,630","25,510","369,300","4,890","524,150","79,210","665,290","12,920","396,500"
대구광역시 달서구,"201,511",14,"195,433",13,"202,519",8,"260,177",20,"341,654",5
,"44,470","344,830","45,400","302,420","25,540","482,920","52,630","754,540","262,600","426,380"
대구광역시 달성군,"87,039",814,"89,062","1,007","95,844",967,"105,031","1,464","91,379",556
,"4,520","243,500","1,600","248,450","5,400","264,830",300,"313,470","10,210","227,270"
인천광역시 중구,"335,035",157,"298,963",75,"296,286",67,"280,949",101,"249,460",25
,"34,130","769,230","78,230","608,700","141,360","640,630","37,010","833,330","99,000","519,870"
인천광역시 남구,"431,963",3,"128,800",2,-,-,"385,683",4,-,-
,"277,080","565,000","97,600","160,000",-,-,"102,190","814,500",-,-
인천광역시 연수구,"837,140",3,"458,596",14,"425,492",10,"637,140",14,"612,938",5
,"728,350","983,070","157,890","687,500","226,140","738,920","297,020","857,860","126,050","895,520"
인천광역시 남동구,"341,065",68,"329,341",65,"346,229",60,"328,964",61,"382,537",11
,"76,170","756,260","135,870","605,040","62,630","690,210","82,300","815,240","168,160","677,500"
인천광역시 부평구,"884,146",5,"568,267",6,"615,915",8,"1,161,590",5,-,-
,"873,730","897,580","230,430","810,810","237,050","852,940","890,000","1,495,310",-,-
인천광역시 계양구,"308,430",145,"248,458",101,"217,582",68,"182,903",81,"182,765",10
,"86,670","968,000","90,770","801,980","110,820","693,260","12,920","574,600","115,170","288,280"
인천광역시 서구,"326,987",66,"315,027",93,"286,528",132,"358,463",68,"243,558",12
,"22,660","905,000","93,370","832,190","59,390","869,930","75,080","832,060","43,740","655,470"
인천광역시 강화군,"104,626","2,439","106,810","1,750","99,995","1,346","95,321","1,341","79,458",326
,"4,930","316,720","4,420","361,450","5,650","346,090","2,510","340,480","8,390","303,030"
인천광역시 옹진군,"63,450",792,"89,455",362,"82,924",330,"68,689",334,"65,899",52
,790,"357,140","1,150","457,140",480,"404,040","1,150","324,680","3,270","273,540"
광주광역시 동구,"82,611",22,"62,718",40,"68,670",34,"142,028",28,"201,278",15
,"12,570","242,110","2,380","258,930","5,320","248,350","5,560","901,280","4,000","699,080"
광주광역시 서구,"123,455",106,"145,211",133,"165,079",117,"236,497",140,"305,795",39
,"24,950","272,400","35,000","302,470","2,660","358,240","47,780","777,770","25,120","816,530"
광주광역시 남구,"46,639",187,"55,588",180,"51,397",166,"45,580",185,"36,941",29
,"10,000","272,500","4,480","301,000","5,500","273,170","4,300","250,000","21,900","60,520"
광주광역시 북구,"71,090",221,"81,471",263,"93,180",300,"82,586",287,"79,336",91
,"5,090","264,530","1,110","302,480","3,560","315,630","6,010","364,300","9,160","257,570"
광주광역시 광산구,"61,387",725,"63,727",749,"77,690",835,"79,104",890,"61,581",173
,100,"266,340","7,400","307,690","2,390","369,050","2,700","383,280","4,210","282,010"
대전광역시 동구,"79,207",216,"77,819",237,"80,915",167,"57,752",290,"55,633",25
,"7,550","452,610","3,150","388,000","4,310","498,870","1,430","407,740","10,390","147,650"
대전광역시 중구,"64,624",77,"69,665",81,"90,536",80,"96,813",80,"63,569",14
,"7,900","204,100","6,950","325,850","3,050","361,000","7,330","460,500","18,140","114,390"
대전광역시 서구,"91,305",179,"94,863",212,"104,305",163,"82,765",111,"121,056",24
,"10,410","465,990","12,460","467,090","6,800","422,760","1,440","287,360","18,320","281,350"
대전광역시 유성구,"173,935",293,"193,044",357,"186,090",278,"217,401",247,"229,317",62
,"13,760","454,070","24,290","514,370","5,710","500,000","4,840","1,113,970","30,180","779,000"
대전광역시 대덕구,"97,600",80,"105,350",95,"121,118",73,"106,968",63,"81,969",15
,"11,720","470,090","14,350","481,350","13,960","460,280","15,120","388,350","24,390","215,880"
울산광역시 중구,"98,208",36,"80,679",34,"109,326",60,"98,327",54,"113,534",11
,"30,090","282,050","22,480","151,230","23,500","204,990","31,590","213,070","59,810","150,890"
울산광역시 남구,"157,031",37,"149,300",21,"143,721",22,"126,220",27,"202,766",7
,"21,570","363,000","24,650","362,320","11,080","404,380","14,490","310,520","62,320","366,660"
울산광역시 동구,"115,059",36,"172,655",36,"151,383",43,"151,482",31,"331,636",7
,"16,560","250,190","12,680","408,160","5,000","305,260","19,330","379,430","3,800","909,090"
울산광역시 북구,"132,722",314,"132,090",242,"174,205",298,"124,112",247,"135,210",79
,"3,520","386,970","10,070","398,940",710,"535,170","4,650","332,680","20,000","450,110"
울산광역시 울주군,"101,260","1,935","107,764","1,799","108,652","1,649","115,797","1,745","118,891",388
,"4,230","315,520","1,040","339,130","1,370","339,670","4,770","378,380","13,000","363,020"
세종특별자치시 세종특별자치시,-,-,-,-,"117,784",580,"122,452","1,719","121,587",335
,-,-,-,-,"3,000","410,000",10,"488,630","9,690","440,000"
경기도 수원시 장안구,"345,397",18,"283,550",38,"361,924",32,"330,434",21,"656,321",52
,"74,130","1,286,240","60,540","600,000","9,520","953,330","23,220","1,204,260","394,500","976,500"
경기도 수원시 권선구,"434,902",78,"285,988",95,"333,770",136,"399,440",118,"443,984",74
,"119,210","1,208,890","35,390","816,620","34,520","1,009,730","61,910","1,159,420","142,130","764,100"
경기도 수원시 팔달구,-,-,-,-,"549,000",1,-,-,-,-
,-,-,-,-,"549,000","549,000",-,-,-,-
경기도 수원시 영통구,"1,195,491",12,"431,540",2,"529,100",2,"784,820",1,"769,222",9
,"759,800","1,512,200","431,540","431,540","180,870","877,330","784,820","784,820","559,000","1,005,500"
경기도 성남시 수정구,"964,318",48,"748,430",43,"643,935",57,"460,320",28,"310,131",9
,"136,160","4,000,000","155,880","2,860,220","83,130","1,794,870","76,110","1,682,130","83,210","678,420"
경기도 성남시 중원구,"314,934",28,"270,698",4,"463,799",10,"347,344",21,"408,608",5
,"68,970","696,100","202,170","339,850","85,470","1,732,670","6,300","2,115,380","62,500","1,515,150"
경기도 성남시 분당구,"1,540,851",366,"872,509",67,"718,595",36,"704,687",49,"999,229",8
,"31,330","3,032,260","34,330","2,441,260","103,200","2,629,540","75,490","2,046,160","324,560","1,903,770"
경기도 의정부시,"252,075",68,"265,833",60,"240,217",63,"278,508",69,"235,579",21
,"42,510","581,820","9,200","802,920","17,400","599,690","30,410","760,000","69,160","454,060"
경기도 안양시 만안구,"355,057",3,"552,222",6,"590,971",11,"810,740",8,"830,095",8
,"198,110","537,060","176,600","1,453,940","155,590","1,315,790","315,050","1,305,000","730,110","980,090"
경기도 안양시 동안구,"381,440",6,"629,944",8,"625,827",7,"645,150",3,-,-
,"166,850","777,780","55,990","1,334,400","247,610","814,900","192,120","993,380",-,-
경기도 부천시 원미구,"452,260",4,"546,252",5,"528,246",9,"366,220",3,"1,115,100",1
,"342,740","597,610","233,700","1,079,140","280,000","1,111,110","247,100","548,900","1,115,100","1,115,100"
경기도 부천시 소사구,"604,969",13,"484,698",5,"606,380",12,"594,325",13,"714,110",2
,"201,100","1,195,970","292,000","1,059,320","280,790","1,193,750","262,070","1,214,950","302,320","1,125,900"
경기도 부천시 오정구,"265,452",35,"289,079",34,"321,594",39,"589,903",32,"300,430",8
,"133,930","849,280","15,380","756,050","145,230","904,330","117,290","1,814,290","115,980","628,010"
경기도 광명시,"357,329",48,"456,083",22,"537,514",30,"480,641",28,"276,730",33
,"158,540","790,910","241,290","757,000","151,280","1,043,060","170,110","969,700","121,000","751,360"
경기도 평택시,"139,512","1,546","181,392","1,906","160,330","1,636","165,084","1,453","141,636",368
,"8,610","458,020","12,570","675,680","13,960","562,760","3,710","579,710","25,830","514,550"
경기도 동두천시,"152,910",104,"142,926",99,"118,164",79,"113,394",77,"84,931",11
,"6,510","453,300","9,110","470,000","21,200","257,440","12,700","393,120","26,500","124,360"
경기도 안산시 상록구,"167,060",127,"189,054",151,"165,206",134,"157,722",87,"143,110",18
,"23,100","392,860","30,200","441,990","23,260","454,550","56,160","416,850","72,590","221,210"
경기도 안산시 단원구,"162,129",263,"138,472",364,"186,102",251,"160,254",257,"154,161",43
,"43,600","382,410","16,640","453,820","26,610","494,010","4,420","542,980","41,510","287,240"
경기도 고양시 덕양구,"299,499",360,"321,406",379,"335,663",306,"303,270",237,"277,790",72
,"24,480","750,000","8,960","869,570","10,060","1,018,520","48,780","1,005,050","73,310","663,790"
경기도 고양시 일산동구,"306,562",155,"256,417",205,"318,072",176,"343,308",171,"380,870",39
,"48,210","729,960","45,730","873,660","86,000","1,012,090","49,660","1,030,930","111,110","1,121,720"
경기도 고양시 일산서구,"314,251",38,"269,088",52,"271,770",83,"298,117",97,"258,418",20
,"148,210","679,350","136,010","667,000","108,040","960,000","105,850","1,000,000","102,850","880,330"
경기도 과천시,"672,903",65,"719,047",37,"762,363",27,"739,630",35,"488,850",4
,"82,180","1,397,060","142,250","1,605,840","453,860","1,470,590","348,680","1,801,800","413,900","574,360"
경기도 구리시,"407,092",49,"479,085",56,"472,285",34,"565,011",40,"424,714",12
,"106,480","1,020,310","106,600","1,181,820","154,320","1,057,400","119,050","1,822,430","125,800","909,090"
경기도 남양주시,"241,376","1,008","253,801","1,454","270,460","1,200","247,934","1,069","268,169",183
,"7,200","787,880","1,900","817,930","6,600","841,350","10,190","758,620","13,370","836,400"
경기도 오산시,"375,905",35,"472,332",77,"349,752",71,"382,174",124,"547,429",7
,"74,490","1,025,460","83,330","1,271,670","111,670","924,370","103,340","924,360","262,270","1,177,080"
경기도 시흥시,"231,501",351,"218,538",273,"217,047",271,"210,480",346,"246,638",97
,"67,020","614,560","9,060","633,800","46,130","650,000","46,000","600,000","58,360","539,810"
경기도 군포시,"243,117",29,"252,389",27,"212,129",47,"194,588",43,"503,626",11
,"64,520","574,540","86,080","451,130","77,980","334,420","107,470","623,340","144,120","1,186,660"
경기도 의왕시,"259,216",73,"313,922",69,"285,069",113,"257,969",84,"296,766",18
,"21,620","691,240","31,770","814,600","43,150","627,270","30,210","746,510","97,080","666,660"
경기도 하남시,"325,233",176,"377,404",131,"369,088",130,"325,687",130,"331,729",33
,"11,500","914,630","10,540","847,160","12,110","833,330","14,340","759,690","115,380","564,510"
경기도 용인시 처인구,"211,372","1,337","194,694","1,249","194,434","1,052","185,756","1,155","152,020",281
,"9,080","873,490","3,720","768,050","2,690","832,500",300,"684,930",10,"453,600"
경기도 용인시 기흥구,"508,442",86,"488,247",92,"468,657",136,"479,951",81,"449,294",18
,"40,670","876,970","29,770","784,040","90,680","877,210",10,"1,455,880","51,670","842,270"
경기도 용인시 수지구,"549,134",33,"471,975",32,"453,537",50,"586,560",40,"650,628",4
,"60,490","876,900","80,280","782,330","42,020","777,650","105,260","1,456,450","391,300","817,480"
경기도 파주시,"174,326","1,406","114,017","1,919","88,522","1,802","111,336","1,642","75,466",481
,"3,930","680,750","1,510","478,130",400,"378,180","2,130","493,890","2,720","326,820"
경기도 이천시,"92,872","2,203","94,281","2,216","92,378","1,786","104,204","1,721","90,139",421
,"6,060","328,520","9,310","337,930","9,780","336,390","1,520","402,880","16,580","366,760"
경기도 안성시,"89,435","2,000","91,854","1,855","84,950","1,433","76,568","1,546","64,224",350
,"5,560","293,380","3,450","301,200","9,000","275,750","4,430","255,470","13,800","176,320"
경기도 김포시,"238,207","1,320","222,583","1,295","229,515",999,"207,600","1,112","212,811",238
,"24,440","787,880","27,560","672,490","12,270","671,150","14,850","666,660","20,580","717,940"
경기도 화성시,"152,937","2,344","154,870","2,196","147,259","3,073","156,301","2,929","156,457",782
,220,"494,380","1,690","560,500","6,350","469,480","14,590","537,630","12,300","548,390"
경기도 광주시,"213,923",901,"203,292","1,281","269,447","1,119","256,953",951,"285,468",219
,"9,950","732,600","6,580","723,280","8,480","934,310","7,210","954,500","3,370","1,050,390"
경기도 양주시,"189,535",598,"229,830",967,"177,856",594,"169,797",594,"171,853",114
,"7,460","508,730","5,980","760,420","21,510","504,730","2,580","554,160","5,090","514,280"
경기도 포천시,"100,366","2,351","96,426","1,865","89,004","1,662","93,624","1,561","93,584",342
,560,"364,960","4,530","363,260","2,130","317,320","2,450","388,600","3,360","338,980"
경기도 여주시,-,-,-,-,-,-,"74,623",415,"62,402",343
,-,-,-,-,-,-,"4,520","252,280","6,290","184,210"
경기도 여주군,"79,214","2,145","77,716","1,942","76,768","1,547","72,385",948,-,-
,"3,630","272,250","2,470","239,520","6,050","246,910","4,390","258,300",-,-
경기도 연천군,"45,941",853,"54,119",596,"44,968",733,"47,402",683,"33,495",154
,750,"152,440",790,"170,650",530,"139,530",880,"151,280","1,600","110,220"
경기도 가평군,"101,659","1,353","106,533","1,222","106,663","1,125","111,466",987,"111,495",213
,"2,690","310,470","5,920","335,200","2,950","326,000","2,650","380,200","5,690","346,150"
경기도 양평군,"115,667","2,709","117,072","2,622","115,285","2,077","112,180","1,767","101,884",376
,630,"385,750","1,090","383,700","5,230","381,070","3,020","376,380","18,120","333,330"
강원도 춘천시,"81,229","1,682","77,830","1,587","95,867","1,432","82,993","1,452","87,548",223
,"1,360","289,580","1,830","247,330","1,660","348,740",370,"321,950","3,330","303,120"
강원도 원주시,"65,102","1,356","79,131","1,642","75,527","1,406","81,244","1,407","66,623",336
,910,"236,010","1,210","293,730","1,370","282,490",300,"303,030","4,810","236,120"
강원도 강릉시,"29,205","1,202","31,575","1,254","37,143","1,267","39,243","1,294","42,073",226
,940,"109,980",480,"117,710",920,"150,360","1,350","152,910","5,570","151,830"
강원도 동해시,"36,475",103,"52,037",114,"58,275",97,"57,114",108,"43,930",14
,"4,000","110,210","6,120","157,730","7,550","220,130","4,190","175,890","5,170","97,780"
강원도 태백시,"13,601",47,"12,801",81,"15,441",75,"11,888",74,"9,549",29
,"1,900","40,770","2,340","33,330","1,400","52,000",710,"28,300","3,990","21,040"
강원도 속초시,"73,308",89,"72,647",79,"117,540",96,"83,236",90,"84,598",28
,690,"182,410","5,640","175,970","4,950","452,380","4,960","307,820","9,350","271,140"
강원도 삼척시,"17,022",671,"16,838",534,"20,836",535,"16,867",605,"37,940",116
,230,"69,930",280,"75,040",290,"91,900",230,"72,360",500,"173,160"
강원도 홍천군,"47,132","2,490","44,171","2,473","44,717","2,080","44,075","2,181","38,881",372
,20,"166,810",970,"146,480","1,480","141,210","1,180","151,280","1,970","121,070"
강원도 횡성군,"36,088","2,059","36,400","1,881","36,430","1,444","36,673","1,320","33,886",349
,"1,900","105,630","1,850","107,690",640,"110,330","2,260","120,990","4,210","95,390"
강원도 영월군,"18,892","1,534","22,433","1,535","22,735","1,322","23,240","1,196","23,555",291
,860,"66,130",470,"79,790",380,"78,150",670,"94,070",410,"75,000"
강원도 평창군,"32,979","1,788","42,930","1,676","41,788","1,571","39,945","1,272","42,705",280
,300,"120,040","1,040","130,590",670,"141,190",370,"136,570","1,890","122,850"
강원도 정선군,"13,784",910,"14,047",815,"16,571",812,"13,474",771,"15,033",161
,330,"45,770",550,"49,600",40,"59,800",180,"47,240","1,180","53,030"
강원도 철원군,"21,954",884,"23,945",899,"20,503",964,"20,005",965,"20,940",297
,330,"58,580",170,"61,930",320,"54,860","1,210","47,520","5,740","40,390"
강원도 화천군,"24,578",719,"27,621",597,"25,454",659,"22,926",571,"25,641",133
,"1,040","82,860","1,700","90,730",680,"77,260",390,"63,460","2,460","75,520"
강원도 양구군,"16,377",692,"16,606",728,"17,796",612,"18,339",554,"16,719",97
,"1,530","49,810","1,170","50,570",620,"56,000",790,"67,980","2,500","47,580"
강원도 인제군,"27,700",925,"29,076",749,"24,783",726,"29,415",686,"28,907",123
,930,"99,190",800,"103,010",370,"81,500",540,"122,440","1,360","116,380"
강원도 고성군,"21,120",659,"21,602",507,"16,962",502,"18,398",442,"16,883",127
,490,"80,250","2,170","75,600",50,"53,330",840,"63,330","3,900","56,710"
강원도 양양군,"21,019",689,"29,744",740,"28,791",564,"27,410",538,"22,786",109
,170,"82,720","1,450","104,170",440,"101,690",720,"104,160","4,030","60,750"
충청북도 청주시 상당구,"179,747",213,"140,752",171,"169,158",256,"173,771",234,"183,659",41
,"13,120","483,030","6,370","480,770","14,750","517,200","15,360","562,500","27,060","474,350"
충청북도 청주시 흥덕구,"130,193",255,"151,380",349,"145,294",335,"155,367",396,"134,379",101
,"10,300","444,440","4,460","473,350","7,290","484,130","12,610","545,140","8,390","363,000"
충청북도 충주시,"36,535","2,292","42,751","2,173","48,360","2,218","43,984","2,068","38,322",472
,"1,020","118,430",700,"153,510",910,"167,630","1,910","155,000","1,970","125,520"
충청북도 제천시,"27,178","1,423","27,296","1,580","30,869","1,464","29,647","1,264","27,050",352
,"1,030","98,960",990,"99,670","1,030","120,120",240,"113,420","1,560","104,130"
충청북도 청원군,"56,582","2,690","59,780","2,719","59,482","2,504","70,809","2,527","61,628",630
,560,"209,700","1,880","206,110","2,270","208,330","3,260","245,590",160,"209,300"
충청북도 보은군,"16,163","1,090","16,408","1,218","16,531","1,181","18,130","1,033","18,944",349
,790,"45,880",400,"43,480",310,"45,100",660,"45,450","1,510","40,740"
충청북도 옥천군,"20,610","1,530","21,930","1,526","21,468","1,338","23,462","1,266","26,411",310
,940,"72,360",530,"76,440",20,"70,320",440,"83,850",670,"90,730"
충청북도 영동군,"14,056","1,714","14,527","1,774","16,175","1,610","18,325","1,516","16,685",393
,210,"42,350",420,"43,800",420,"46,690",370,"54,540","1,840","45,710"
충청북도 증평군,"34,687",271,"43,332",192,"54,420",340,"41,278",238,"47,316",52
,"1,340","91,250","4,690","143,990","3,440","172,920","7,180","130,750","11,180","155,860"
충청북도 진천군,"49,089","1,191","45,767","1,211","45,152","1,193","49,195","1,265","41,800",264
,"4,490","155,740","3,500","131,760","1,040","135,860","3,850","163,710","4,470","132,020"
충청북도 괴산군,"21,940","2,182","23,368","2,336","23,847","1,900","26,555","1,798","25,343",499
,"1,150","63,050",780,"70,380",580,"66,010",950,"80,600",820,"74,860"
충청북도 음성군,"37,381","2,099","42,955","1,920","43,324","1,893","40,149","1,632","35,788",402
,"1,310","124,530","3,490","130,480","1,510","133,690","1,220","133,540","5,950","106,250"
충청북도 단양군,"15,380","1,159","14,539","1,023","18,057",943,"17,852","1,026","18,558",208
,240,"49,300","1,030","46,490",870,"62,080",550,"61,320","1,500","69,230"
충청남도 천안시 동남구,"78,737","1,263","79,480",955,"77,438",912,"78,077",947,"63,870",226
,"3,130","305,420","7,700","319,630","3,600","301,630","2,650","315,790","4,230","212,020"
충청남도 천안시 서북구,"105,915",838,"112,519",660,"102,151",519,"176,582",567,"251,946",122
,"7,520","305,340","16,570","312,500","1,090","300,000","14,130","954,880","19,600","917,240"
충청남도 공주시,"42,468","2,208","40,616","2,084","43,579","2,013","42,553","1,858","36,278",466
,"1,650","147,280",380,"145,790","2,720","153,140","1,440","166,470","2,400","116,770"
충청남도 보령시,"22,710","1,603","22,647","1,648","25,128","1,486","25,680","1,461","20,046",425
,"1,660","75,130","2,140","74,290","3,490","88,410","1,770","103,380","6,220","60,500"
충청남도 아산시,"77,010","1,967","73,485","1,737","82,955","1,785","85,322","1,648","73,464",438
,"4,580","264,950",160,"272,250","3,030","296,060","4,120","309,570","11,900","272,240"
충청남도 서산시,"37,588","2,053","35,313","2,040","36,230","1,623","27,845","2,029","27,028",560
,"4,410","136,180","1,190","128,400","3,170","126,930","3,480","109,510","1,860","100,000"
충청남도 논산시,"23,803","2,521","23,629","2,407","27,472","1,967","26,654","2,219","27,663",555
,30,"71,090",570,"65,460","1,940","80,810","3,250","75,470","4,550","77,650"
충청남도 계룡시,"81,699",59,"93,320",75,"90,906",52,"128,302",45,"84,779",21
,"4,260","166,670","10,440","242,650","14,200","154,760","16,150","339,170","15,310","211,200"
충청남도 당진시,-,-,"52,433",232,"57,253","1,900","58,536","1,755","52,509",579
,-,-,"9,660","177,140","2,960","226,480",480,"313,600","3,440","200,420"
충청남도 금산군,"31,202","1,769","31,046","1,566","31,497","1,697","32,090","1,517","33,716",425
,"2,300","105,930","1,830","105,850",70,"104,810",900,"121,580","2,940","112,910"
충청남도 연기군,"61,723",865,"80,077",994,"94,958",599,-,-,-,-
,"3,020","183,490","1,470","252,530","6,500","305,620",-,-,-,-
충청남도 부여군,"14,767","2,155","14,707","1,896","15,346","1,852","17,562","2,037","17,179",561
,790,"35,190",970,"36,700","1,670","36,300","2,560","62,310","1,140","38,160"
충청남도 서천군,"21,683","1,253","24,002","1,324","18,549","1,157","20,944","1,298","19,079",397
,"1,910","73,000","3,750","73,630","2,830","47,690",740,"60,460","2,890","40,140"
충청남도 청양군,"14,621","1,143","16,555","1,215","19,066","1,143","19,343","1,019","17,358",289
,980,"37,780",580,"40,770","1,110","53,000","1,270","59,250","2,020","41,860"
충청남도 홍성군,"24,508","1,393","26,920","1,272","28,286","1,340","27,533","1,193","23,036",336
,"3,020","78,490","2,540","87,950","2,160","94,750","1,420","94,810","4,140","80,350"
충청남도 예산군,"30,950","1,838","31,316","1,898","31,940","1,811","29,526","1,636","23,286",485
,"2,820","100,000","2,680","104,930","4,340","102,700","1,540","99,720","6,040","60,910"
충청남도 태안군,"33,569","1,625","39,340","1,535","34,248","1,476","36,487","1,367","33,674",386
,"4,540","128,210","1,840","142,780","4,060","123,000","1,060","142,850","6,680","120,980"
충청남도 당진군,"80,390","2,384","59,137","2,013",-,-,-,-,-,-
,"3,020","306,670","2,980","226,720",-,-,-,-,-,-
전라북도 전주시 완산구,"93,964",247,"118,872",358,"114,647",316,"118,992",356,"122,240",88
,"5,040","298,140","14,040","354,940","3,240","372,430",840,"400,000","4,560","423,250"
전라북도 전주시 덕진구,"71,808",486,"82,439",572,"89,286",636,"91,839",561,"106,333",144
,"7,170","286,750",700,"354,610",240,"377,910",140,"359,050","8,890","417,910"
전라북도 군산시,"38,199","1,151","40,977","1,277","47,906","1,181","39,718","1,221","28,793",379
,"3,670","142,290","2,420","142,860","2,080","186,620","3,410","145,380","6,900","86,390"
전라북도 익산시,"16,646","2,733","16,755","2,731","20,078","2,733","18,507","3,009","14,456","1,010"
,100,"52,750",690,"49,170",280,"64,180","1,760","53,250",620,"36,290"
전라북도 정읍시,"8,781","2,767","9,345","2,598","9,864","2,522","11,039","2,548","11,071",871
,240,"21,370",260,"22,500",640,"22,920",470,"29,500","1,230","29,000"
전라북도 남원시,"8,929","2,224","9,583","2,062","10,412","2,004","11,946","2,095","11,691",667
,450,"23,780",480,"23,760",370,"29,070",470,"34,640","2,110","33,650"
전라북도 김제시,"14,164","2,802","15,906","2,726","15,336","2,643","16,043","2,600","15,748",781
,"1,950","34,360",850,"40,700","2,120","35,820","1,760","37,710","2,530","33,330"
전라북도 완주군,"29,829","2,067","33,717","2,339","40,165","2,798","39,315","2,407","39,895",500
,130,"102,830","2,470","111,650","1,130","135,740",40,"142,990","5,240","125,630"
전라북도 진안군,"8,847","1,128","9,843","1,271","10,962","1,151","11,242","1,236","11,805",380
,770,"24,830",290,"27,470",840,"30,810",80,"30,830","1,080","29,780"
전라북도 무주군,"14,662",904,"15,467",860,"13,983",831,"15,123",837,"15,408",229
,350,"49,910",930,"52,830",770,"48,170",580,"56,660","1,670","47,760"
전라북도 장수군,"7,955","1,104","8,712","1,097","10,008","1,070","10,323","1,094","10,787",314
,240,"22,370",440,"25,880",260,"30,960",350,"33,790",380,"32,000"
전라북도 임실군,"10,087","1,178","9,281","1,089","9,986","1,036","11,225",975,"11,589",352
,220,"27,610",570,"24,950",220,"28,550",850,"33,510","1,300","29,290"
전라북도 순창군,"6,719","1,211","7,216","1,246","7,913","1,152","8,519","1,139","8,678",346
,470,"18,080",240,"18,690",400,"22,690",520,"24,480",820,"22,610"
전라북도 고창군,"7,266","2,363","8,049","2,266","8,545","2,114","9,165","2,168","9,403",676
,240,"16,510","1,290","19,320",850,"20,830",790,"23,060","2,980","21,950"
전라북도 부안군,"25,005","1,969","24,365","1,884","21,095","1,726","22,961","1,798","17,174",599
,770,"115,030","1,970","100,900","1,160","82,680","1,120","100,000","1,330","50,170"
전라남도 목포시,"49,549",78,"69,269",73,"89,443",69,"80,434",88,"69,577",19
,"5,210","150,410","4,850","227,270","7,420","304,330","12,060","330,000","6,650","265,660"
전라남도 여수시,"35,474","1,296","43,691","1,478","48,055","1,270","47,582","1,327","49,654",289
,280,"146,740",270,"169,490",390,"190,590",450,"209,300",540,"188,900"
전라남도 순천시,"17,829","2,243","22,297","2,362","22,395","1,920","24,336","1,981","18,448",510
,360,"75,480",260,"97,290",760,"96,850",170,"105,770","1,180","75,470"
전라남도 나주시,"16,039","3,029","15,808","2,870","16,182","2,755","16,558","2,659","15,128",947
,410,"45,460","2,170","49,770","1,880","51,430","1,660","55,040","1,180","42,730"
전라남도 광양시,"38,270","1,136","38,406","1,310","42,791",925,"39,835",881,"38,253",260
,260,"139,030",870,"137,130",990,"156,450","2,600","151,150","2,590","130,040"
전라남도 담양군,"15,871","1,501","17,602","1,604","19,809","1,442","23,621","1,662","22,752",418
,470,"43,290","1,040","47,440","1,510","61,530",550,"86,180","1,130","63,530"
전라남도 곡성군,"9,905","1,346","9,001","1,341","9,136","1,269","10,422","1,369","12,336",412
,590,"26,870",510,"24,390",460,"24,840",770,"30,260",80,"33,890"
전라남도 구례군,"11,059","1,151","13,340","1,027","14,718","1,027","17,001","1,038","15,080",280
,690,"30,220",580,"40,820",250,"45,930",280,"63,770",900,"46,460"
전라남도 고흥군,"6,852","2,588","7,132","2,791","7,100","2,477","7,654","2,329","8,406",729
,390,"17,740",160,"17,280",180,"18,160",620,"21,170",370,"22,090"
전라남도 보성군,"7,842","1,989","8,022","1,865","8,595","1,643","9,140","1,814","9,632",493
,220,"18,000",570,"18,600",340,"18,950",480,"22,030","1,200","25,450"
전라남도 화순군,"13,917","1,807","14,727","1,993","14,360","1,749","15,443","1,826","16,465",475
,610,"44,110",470,"46,490",380,"45,570",350,"55,060","1,310","57,140"
전라남도 장흥군,"7,872","1,950","8,286","1,624","8,763","1,490","9,083","1,540","9,465",434
,340,"17,890",400,"20,030",600,"20,360",210,"23,420",480,"21,170"
전라남도 강진군,"7,276","1,481","7,832","1,445","8,153","1,366","8,687","1,346","9,670",410
,590,"15,320","1,100","17,260",700,"18,150",360,"22,440","1,200","21,500"
전라남도 해남군,"6,892","2,635","7,277","2,974","7,421","2,766","7,885","3,005","7,718",801
,530,"16,940",680,"19,000",740,"18,750",730,"24,800",730,"17,630"
전라남도 영암군,"8,393","2,422","8,752","2,384","9,215","2,075","9,586","2,037","9,401",669
,630,"18,370",430,"19,280",730,"22,770",830,"21,580","1,960","18,930"
전라남도 무안군,"14,894","1,642","15,923","2,147","15,140","1,864","14,147","1,999","15,217",477
,"1,170","45,450",480,"48,400",780,"46,910",110,"45,370","1,340","45,360"
전라남도 함평군,"9,130","1,870","9,831","1,855","9,953","1,833","10,722","1,825","10,090",464
,600,"23,470","1,270","25,290",990,"24,750",880,"28,590","1,050","27,170"
전라남도 영광군,"7,133","1,628","7,368","1,691","7,899","1,392","8,136","1,668","8,317",453
,790,"15,910",690,"16,630",730,"17,130",740,"19,000","1,670","19,240"
전라남도 장성군,"18,359","1,606","19,337","1,571","19,714","1,699","21,205","1,751","23,278",478
,700,"60,560","1,520","63,550",910,"63,060","1,620","66,550","4,380","71,820"
전라남도 완도군,"5,426","1,327","6,954","1,396","6,805","1,138","7,321","1,190","6,751",376
,400,"17,190",310,"24,370",410,"23,060",730,"25,420",500,"24,260"
전라남도 진도군,"5,218","1,277","5,232","1,274","5,514","1,033","5,770","1,124","5,830",361
,510,"12,240",360,"11,900",150,"12,690",340,"15,150",890,"13,470"
전라남도 신안군,"7,504","1,771","5,788","1,779","7,195","1,609","9,187","1,974","9,279",494
,700,"27,400",420,"19,200",190,"25,130",490,"40,000",440,"36,170"
경상북도 포항시 남구,"58,025",636,"59,177",827,"61,119",641,"61,386",589,"62,819",227
,"1,100","170,000","1,000","197,530",470,"187,140","2,260","242,020","3,120","229,430"
경상북도 포항시 북구,"39,592","1,933","45,443","1,604","43,683","1,405","40,205","1,512","36,626",440
,520,"172,290",670,"200,420",840,"190,660",950,"173,680","2,420","130,030"
경상북도 경주시,"50,056","3,411","45,797","3,303","53,480","3,063","57,827","3,543","63,099",897
,"1,380","178,570",320,"179,860",450,"197,280",830,"300,460","3,760","239,860"
경상북도 김천시,"22,069","2,102","23,964","2,200","24,028","2,252","29,561","2,408","26,386",805
,180,"81,950",30,"87,300",450,"85,380",810,"107,020",-,"91,860"
경상북도 안동시,"12,410","2,347","14,148","2,334","14,591","2,185","15,523","2,189","14,896",619
,220,"47,280",190,"60,200",200,"59,740",220,"75,640",550,"64,760"
경상북도 구미시,"34,060","1,416","44,740","1,429","40,148","1,311","48,259","1,349","47,287",435
,"1,720","121,020","1,850","173,950","1,740","163,210","1,520","221,420","3,420","166,410"
경상북도 영주시,"12,257","1,807","14,587","1,850","16,696","1,842","18,620","1,843","17,189",548
,520,"37,270",500,"45,000",840,"54,000",540,"60,530","2,340","49,510"
경상북도 영천시,"28,435","3,948","30,095","4,259","33,101","4,141","39,089","5,059","40,413","1,208"
,"1,310","90,320","1,070","92,210","1,600","98,770",490,"121,530",930,"125,670"
경상북도 상주시,"13,156","2,855","14,558","2,513","14,847","2,323","16,085","2,422","16,975",792
,460,"37,250","1,120","44,750",220,"44,530","1,270","45,410","1,070","51,410"
경상북도 문경시,"15,224","1,402","16,901","1,426","18,999","1,367","19,885","1,430","20,932",431
,790,"47,210",410,"52,110",100,"64,190",540,"68,780",640,"63,450"
경상북도 경산시,"57,642","1,350","53,584","1,215","63,724","1,448","67,180","1,829","70,116",653
,"3,770","181,450","2,460","167,490","2,130","203,960","1,000","232,730","4,490","214,760"
경상북도 군위군,"16,315","1,452","16,385","1,162","19,604","1,319","20,052","1,307","20,649",376
,700,"54,380","1,060","51,980",450,"65,840",910,"66,810","2,110","65,100"
경상북도 의성군,"9,421","3,345","9,491","2,763","10,694","2,793","11,885","2,679","13,038",869
,190,"25,240",330,"25,210",300,"29,700",90,"34,150",750,"33,970"
경상북도 청송군,"9,064","1,441","10,776","1,536","11,825","1,466","13,511","1,454","14,117",339
,310,"30,610",560,"33,330",620,"32,840",430,"42,000","1,110","40,580"
경상북도 영양군,"6,508",864,"7,365","1,100","7,561",980,"8,741","1,049","8,530",247
,250,"20,580",200,"23,260",220,"25,460",220,"30,760",330,"23,690"
경상북도 영덕군,"17,507","1,104","17,518","1,250","18,169","1,076","21,401","1,102","24,892",265
,600,"66,440",130,"66,410",740,"68,830",300,"99,370","1,200","102,760"
경상북도 청도군,"30,788","2,729","34,081","2,786","36,286","2,778","38,028","3,179","39,115",778
,370,"99,700",290,"104,840",800,"108,210","1,300","136,160","2,000","121,210"
경상북도 고령군,"35,258","1,147","38,220","1,161","31,498","1,077","36,261","1,191","40,942",358
,"2,680","122,410",480,"134,680","2,930","111,950","1,190","139,750","3,740","135,360"
경상북도 성주군,"18,671","2,110","22,845","2,316","23,933","2,262","27,722","2,613","28,499",540
,690,"55,920",250,"72,830",410,"72,980",250,"102,730",730,"97,310"
경상북도 칠곡군,"54,060","1,060","61,979","1,115","73,389","1,229","78,045","1,507","78,724",414
,"3,030","172,270","2,000","211,110","2,860","249,130",890,"299,180","2,760","251,090"
경상북도 예천군,"11,372","1,453","13,253","1,429","16,388","1,545","14,859","1,544","16,272",510
,580,"40,490",680,"45,450",300,"60,610",720,"52,920",600,"54,450"
경상북도 봉화군,"7,514","1,638","8,372","1,536","9,704","1,435","10,592","1,573","11,756",383
,180,"26,740",230,"27,500",380,"32,370",260,"38,960","1,510","34,750"
경상북도 울진군,"9,389",797,"10,221",793,"9,900",797,"10,967",793,"12,244",159
,380,"35,930",440,"33,510",40,"39,680",410,"43,570",420,"52,800"
경상북도 울릉군,"23,408",155,"34,618",119,"32,241",153,"34,769",103,"25,359",12
,370,"96,890",880,"130,430",510,"125,630","3,410","168,910","2,170","95,230"
경상남도 창원시 의창구,"89,322",847,"101,116","1,062","112,534",865,"107,173",932,"108,990",255
,"9,270","279,720","2,660","294,120","3,290","342,180","9,090","345,500","7,190","356,160"
경상남도 창원시 성산구,"125,986",25,"156,611",55,"157,776",39,"129,212",35,"224,413",12
,"25,950","210,080","30,240","267,440","30,200","285,610","44,350","242,420","31,530","358,870"
경상남도 창원시 마산합포구,"62,707",705,"68,778",780,"85,566",736,"83,412",735,"115,647",64
,"1,990","250,870","1,620","271,370",880,"333,330","2,520","333,170",600,"246,970"
경상남도 창원시 마산회원구,"106,419",163,"122,697",182,"120,213",227,"148,152",200,"167,062",44
,"3,030","272,870","1,110","287,010","12,060","355,870","5,030","439,950","28,980","406,390"
경상남도 창원시 진해구,"111,729",127,"129,041",196,"151,962",178,"160,375",214,"202,366",48
,"18,970","242,060","20,160","273,220","18,060","345,740","18,150","346,510","18,760","514,450"
경상남도 진주시,"37,658","1,770","35,349","2,071","37,682","1,848","39,559","2,022","35,494",455
,580,"151,200",720,"142,860","1,100","147,290",430,"159,190",400,"134,340"
경상남도 통영시,"48,926","1,226","57,851","1,131","47,379","1,189","53,846","1,058","76,274",226
,570,"208,660",300,"242,540",400,"189,040",540,"242,170",730,"318,300"
경상남도 사천시,"46,295","1,322","40,745","1,157","45,176",987,"43,210","1,109","41,583",301
,870,"190,570","1,430","160,680",920,"187,760","1,580","166,390","1,700","151,510"
경상남도 김해시,"129,112","1,984","138,828","1,892","134,872","1,813","138,329","1,971","123,452",509
,"4,560","417,050",470,"438,630","2,380","425,620","1,190","524,340","2,220","368,420"
경상남도 밀양시,"46,938","3,260","55,087","3,015","55,137","3,050","55,194","3,205","58,812",826
,810,"135,940",380,"165,000",630,"163,490",100,"183,050","5,070","176,690"
경상남도 거제시,"119,017","1,882","129,288","1,815","151,130","1,531","134,384","1,716","131,137",402
,400,"409,380","2,700","440,250","7,110","528,460","4,490","483,670","5,680","482,560"
경상남도 양산시,"92,343",703,"99,558",889,"99,561",715,"115,910",848,"98,629",214
,"4,300","302,500","5,370","303,030",690,"330,000","1,140","332,450",680,"300,750"
경상남도 의령군,"14,565","1,369","16,241","1,313","17,696","1,281","19,494","1,231","16,272",282
,330,"46,080",520,"51,410",330,"55,320",600,"60,750",400,"55,350"
경상남도 함안군,"45,284","2,458","59,699","2,761","56,458","2,457","58,486","2,011","64,919",533
,250,"153,510",960,"213,330","2,780","194,660","1,720","204,560","1,190","220,230"
경상남도 창녕군,"26,918","3,131","28,262","2,851","31,231","2,754","34,838","2,615","32,390",655
,140,"80,920",160,"82,350","1,180","95,080","1,160","138,330",710,"95,570"
경상남도 고성군,"32,997","2,064","34,557","1,980","32,536","2,069","32,867","2,022","30,281",484
,470,"115,300",860,"126,470",500,"116,110","1,190","124,450","1,850","105,100"
경상남도 남해군,"37,640","1,908","37,854","1,930","43,812","1,865","40,745","1,817","42,651",429
,"1,270","142,160","1,150","148,260","1,160","171,720",990,"151,790","1,670","151,760"
경상남도 하동군,"19,828","1,838","21,684","2,138","19,425","1,841","24,939","1,833","25,562",513
,430,"75,760",280,"79,050",260,"73,360",320,"104,360",600,"93,930"
경상남도 산청군,"18,380","1,568","18,498","1,517","21,627","1,368","22,854","1,403","23,517",154
,500,"62,120",840,"65,870",30,"77,680",970,"78,780","1,960","69,570"
경상남도 함양군,"13,485","1,525","14,121","1,354","14,695","1,405","14,914","1,302","16,396",395
,700,"45,600",90,"47,620","1,410","47,100",270,"49,350",750,"54,580"
경상남도 거창군,"10,448","1,594","12,114","1,669","11,834","1,569","12,743","1,581","14,704",461
,190,"33,610",20,"42,150",160,"38,480",130,"44,860",610,"47,610"
경상남도 합천군,"9,721","2,124","10,244","2,088","11,995","1,979","12,265","2,256","12,637",596
,260,"28,320",380,"31,970",500,"34,750",390,"35,220","1,070","36,270"
제주특별자치도 제주시,"43,981","2,206","47,735","2,995","63,847","3,278","60,266","3,894","60,733","1,120"
,"1,630","190,540","2,650","198,840","2,310","270,830","1,090","256,900",800,"232,400"
제주특별자치도 서귀포시,"40,803","1,984","43,773","2,193","53,687","2,424","62,285","3,386","71,344",947
,"2,000","147,240","1,450","151,240","2,150","188,300","1,680","238,870","3,010","277,920"
